title,content,slug,post_date,meta_title,meta_desc
Hello World,This is content,hello-world,4/1/2022 10:30,Hello SEO Title,SEO description here
End-of-Summer AC Maintenance: Keep Cool  Avoid Costly Repairs,"					
<p>As summer starts to wind down, it’s easy to forget just how hard your air conditioner has been working the past few months. But even though fall is on the horizon, late-season heat waves are still a real concern—and your AC system might be one small issue away from a mid-season breakdown.</p>



<p>That’s why now is the perfect time to schedule end-of-summer AC maintenance. A quick tune-up today can prevent expensive repairs tomorrow, extend your system’s life, and ensure you stay comfortable through the rest of the season. We’re proud to be your local HVAC partner in long-term home comfort. Here’s how our maintenance services help homeowners like you avoid surprises and get the most out of their cooling system.</p>



<span id=""more-2109""></span>



<figure class=""wp-block-image size-large""><a href=""https://www.comfyhvac.com/blog/wp-content/uploads/2025/08/Comfy-end-of-summer-ac-maintenance-keep-cool-and-avoid-costly-repairs.webp""><img width=""1024"" height=""683"" src=""https://www.comfyhvac.com/blog/wp-content/uploads/2025/08/Comfy-end-of-summer-ac-maintenance-keep-cool-and-avoid-costly-repairs-1024x683.webp"" alt=""Technician cleaning outdoor AC condenser coils during end-of-summer maintenance"" class=""wp-image-2113"" srcset=""https://www.comfyhvac.com/blog/wp-content/uploads/2025/08/Comfy-end-of-summer-ac-maintenance-keep-cool-and-avoid-costly-repairs-1024x683.webp 1024w, https://www.comfyhvac.com/blog/wp-content/uploads/2025/08/Comfy-end-of-summer-ac-maintenance-keep-cool-and-avoid-costly-repairs-300x200.webp 300w, https://www.comfyhvac.com/blog/wp-content/uploads/2025/08/Comfy-end-of-summer-ac-maintenance-keep-cool-and-avoid-costly-repairs-768x512.webp 768w, https://www.comfyhvac.com/blog/wp-content/uploads/2025/08/Comfy-end-of-summer-ac-maintenance-keep-cool-and-avoid-costly-repairs.webp 1536w"" sizes=""(max-width: 1024px) 100vw, 1024px""></a></figure>



<h2>Why Late-Summer Maintenance Matters</h2>



<p>Your air conditioner has likely been running for months without a break—pushing through high temperatures, humidity, and nonstop usage. That kind of stress takes a toll on any mechanical system. Without maintenance, small issues like dirty coils or low refrigerant can turn into system-damaging problems. End-of-summer maintenance helps:</p>



<ul><li>Detect hidden wear and tear before it causes failure</li><li>Improve energy efficiency for the remainder of the season</li><li>Keep your home cool during unexpected late-summer heatwaves</li><li>Prevent breakdowns that could require costly emergency service</li></ul>



<p>It’s all about staying proactive—not reactive.</p>



<h2>What We Check During an End-of-Summer Tune-Up</h2>



<p>Our certified technicians conduct a thorough inspection and tune-up of your AC system to ensure everything is operating safely and efficiently. A typical visit includes:</p>



<ul><li><strong>Cleaning condenser coils</strong></li><li><strong>Checking refrigerant levels</strong></li><li><strong>Inspecting electrical components</strong></li><li><strong>Testing airflow and thermostat function</strong></li><li><strong>Replacing dirty filters</strong></li><li><strong>Lubricating motors and fan blades</strong></li><li><strong>Checking for drain clogs and moisture buildup</strong></li></ul>



<p>By addressing performance issues now, we help you avoid unpleasant surprises when your system still needs to work through the warm September afternoons.</p>



<h2>Avoid Emergency Repairs and Save Money</h2>



<p>One of the biggest benefits of end-of-summer AC maintenance is cost prevention. Emergency repairs often come with higher costs, not to mention the inconvenience of being stuck in the heat while waiting for service.</p>



<p>Even worse? A neglected AC system may fail completely, forcing you to invest in a full replacement at the worst possible time. Routine maintenance keeps everything running smoothly, reduces wear on your system, and maximizes its lifespan. It’s a small investment that pays off big.</p>



<h2>Why Local Homeowners Trust Us</h2>



<p>We’re proud to serve homeowners across the area with honest, professional, and responsive service. We’re your neighbors, and we treat your comfort like it’s our own. We understand the unique climate challenges in our area and tailor our maintenance services to meet the specific needs of your home and your family.</p>



<p>When you partner with us, you’re not just getting a technician—you’re gaining a team of HVAC experts dedicated to your year-round comfort and peace of mind.</p>



<h2>Schedule Your End-of-Summer AC Maintenance Today</h2>



<p>Don’t let lingering summer heat catch you off guard. With one quick service visit, we’ll help you finish the season strong and set your system up for continued performance. Call us today to schedule your AC maintenance. Let’s keep your home cool, your system running smoothly, and your comfort on track—no matter what the weather throws your way.</p>



<p class=""has-text-align-center""><a href=""https://www.comfyhvac.com/contact/send-message""><strong>It’s time to schedule maintenance with the experts at Comfy Heating &amp; Air Conditioning Inc.</strong></a></p>",end-of-summer-ac-maintenance-keep-cool-and-avoid-costly-repairs,3/29/2026 10:41,Hello SEO Title,SEO description here
"Too Hot, Too Often? Why August Is the Right Time for an AC Upgrade in the East Bay","<p>When the East Bay summer heat keeps lingering, many homeowners find themselves stuck with the same frustrating question: Is my air conditioner really doing its job? If your AC is struggling to keep up, running constantly without cooling efficiently, or driving up your energy bills, now may be the perfect time to consider an upgrade.&nbsp;</p>



<p>August is often overlooked as an ideal month for an installation, but it actually brings unique advantages that can save you money, time, and stress. We help East Bay homeowners stay cool and comfortable while making smart investments in their home comfort systems. Here’s why August and September are the right time to stop sweating it out and upgrade your AC system.</p>



<span id=""more-2115""></span>



<figure class=""wp-block-image size-large""><a href=""https://www.comfyhvac.com/blog/wp-content/uploads/2025/08/Comfy-too-hot-too-often-why-august-is-the-right-time-for-an-ac-upgrade-in-the-east-bay.webp""><img width=""1024"" height=""683"" src=""https://www.comfyhvac.com/blog/wp-content/uploads/2025/08/Comfy-too-hot-too-often-why-august-is-the-right-time-for-an-ac-upgrade-in-the-east-bay-1024x683.webp"" alt=""Split-scene showing overheated East Bay homeowner with failing AC versus cool comfort after system upgrade"" class=""wp-image-2119"" srcset=""https://www.comfyhvac.com/blog/wp-content/uploads/2025/08/Comfy-too-hot-too-often-why-august-is-the-right-time-for-an-ac-upgrade-in-the-east-bay-1024x683.webp 1024w, https://www.comfyhvac.com/blog/wp-content/uploads/2025/08/Comfy-too-hot-too-often-why-august-is-the-right-time-for-an-ac-upgrade-in-the-east-bay-300x200.webp 300w, https://www.comfyhvac.com/blog/wp-content/uploads/2025/08/Comfy-too-hot-too-often-why-august-is-the-right-time-for-an-ac-upgrade-in-the-east-bay-768x512.webp 768w, https://www.comfyhvac.com/blog/wp-content/uploads/2025/08/Comfy-too-hot-too-often-why-august-is-the-right-time-for-an-ac-upgrade-in-the-east-bay.webp 1536w"" sizes=""(max-width: 1024px) 100vw, 1024px""></a></figure>



<h2>Beat the Heat While It Lasts</h2>



<p>Even though fall is around the corner, the East Bay often sees hot temperatures linger well into September—and sometimes October. If your current AC unit is already struggling, you don’t want to push it through another month of strain. Upgrading now means you’ll still enjoy immediate relief during those last hot weeks of summer instead of suffering through them.</p>



<h2>Take Advantage of Flexible Scheduling</h2>



<p>By late summer, many homeowners have already booked their seasonal maintenance and emergency repairs. That means HVAC companies tend to see fewer last-minute installation requests compared to the start of summer.&nbsp;</p>



<p>Scheduling your AC replacement in August allows you to avoid the rush that happens during the first heat wave of the season or the fall furnace tune-up rush. You’ll have more flexibility with installation dates—and less waiting around.</p>



<h2>Enjoy Lower Energy Bills Right Away</h2>



<p>Cooling often accounts for nearly half of a household’s summer energy usage. If your system is outdated, inefficient, or oversized/undersized for your home, you’re likely paying more than you should. Newer air conditioners, especially those designed to meet today’s SEER2 efficiency standards, use less energy to produce better cooling. By upgrading in August, you’ll immediately benefit from reduced energy consumption while still running your system in the late summer heat.</p>



<h2>Avoid Costly Repairs on an Aging System</h2>



<p>If your AC is more than 10–15 years old, the likelihood of a breakdown only increases as you continue to push it through long, hot seasons. Frequent repairs not only add up in cost but also cause unexpected stress when you need your system the most. Installing a new air conditioner before your old one fails ensures you won’t be left scrambling for emergency service during a hot spell.</p>



<h2>Why Choose Us for Your AC Upgrade in the East Bay?</h2>



<p>We know that replacing your air conditioner is a big decision. That’s why our team makes the process simple and stress-free. We provide:</p>



<ul><li><strong>Expert recommendations tailored to your home’s size and cooling needs.</strong></li><li><strong>High-efficiency systems that maximize comfort while lowering utility bills.</strong></li><li><strong>Professional installation done right the first time.</strong></li><li><strong>Transparent pricing and financing options to fit your budget.</strong></li></ul>



<p>When you work with us, you’re not just upgrading your AC—you’re investing in reliable comfort, energy savings, and peace of mind for years to come.</p>



<p class=""has-text-align-center""><a href=""https://www.comfyhvac.com/contact/send-message"" target=""_blank"" rel=""noreferrer noopener""><strong>It’s time to schedule maintenance with the experts at Comfy Heating &amp; Air Conditioning Inc.</strong></a></p>

<div class=""fb-social-plugin fb-like fb_iframe_widget"" data-font=""lucida grande"" data-ref=""below-post"" data-href=""https://www.comfyhvac.com/blog/air-conditioning-service/too-hot-too-often-why-august-is-the-right-time-for-an-ac-upgrade-in-the-east-bay/"" data-width=""400"" fb-xfbml-state=""rendered"" fb-iframe-plugin-query=""app_id=&amp;container_width=680&amp;font=lucida%20grande&amp;href=https%3A%2F%2Fwww.comfyhvac.com%2Fblog%2Fair-conditioning-service%2Ftoo-hot-too-often-why-august-is-the-right-time-for-an-ac-upgrade-in-the-east-bay%2F&amp;locale=en_US&amp;ref=below-post&amp;sdk=joey&amp;width=400""><span style=""vertical-align: bottom; width: 0px; height: 0px;""><iframe name=""fb8f051dbb787c378"" width=""400px"" height=""1000px"" data-testid=""fb:like Facebook Social Plugin"" title=""fb:like Facebook Social Plugin"" frameborder=""0"" allowtransparency=""true"" allowfullscreen=""true"" scrolling=""no"" allow=""encrypted-media"" src=""https://www.facebook.com/plugins/like.php?app_id=&amp;channel=https%3A%2F%2Fstaticxx.facebook.com%2Fx%2Fconnect%2Fxd_arbiter%2F%3Fversion%3D46%23cb%3Df094a411bf059120d%26domain%3Dwww.comfyhvac.com%26is_canvas%3Dfalse%26origin%3Dhttps%253A%252F%252Fwww.comfyhvac.com%252Ff85ab228c8f7492bd%26relation%3Dparent.parent&amp;container_width=680&amp;font=lucida%20grande&amp;href=https%3A%2F%2Fwww.comfyhvac.com%2Fblog%2Fair-conditioning-service%2Ftoo-hot-too-often-why-august-is-the-right-time-for-an-ac-upgrade-in-the-east-bay%2F&amp;locale=en_US&amp;ref=below-post&amp;sdk=joey&amp;width=400"" style=""border: none; visibility: visible; width: 0px; height: 0px;"" class=""""></iframe></span></div>

					<div class=""social-buttons-blog"">
						<p class=""social-twitter-link""><a href=""http://twitter.com/home?status=Too Hot, Too Often? Why August Is the Right Time for an AC Upgrade in the East Bay%3A%20https://www.comfyhvac.com/blog/air-conditioning-service/too-hot-too-often-why-august-is-the-right-time-for-an-ac-upgrade-in-the-east-bay/"">Twitter Link</a></p>
						<g:plusone></g:plusone>
					
					</div>

					
					<p class=""postmetadata alt"">
					Tags: <a href=""https://www.comfyhvac.com/blog/tag/air-conditioner-installation/"" rel=""tag"">Air Conditioner Installation</a>, <a href=""https://www.comfyhvac.com/blog/tag/air-conditioning/"" rel=""tag"">Air Conditioning</a><br>						<small>
														Monday, August 25th, 2025 at 11:00 am							| Categories: <a href=""https://www.comfyhvac.com/blog/category/air-conditioning-service/"" rel=""category tag"">Air Conditioning</a>	
														 | 

							
						</small>
					</p>",too-hot-too-often-why-august-is-the-right-time-for-an-ac-upgrade-in-the-east-bay,3/29/2026 10:36,Hello SEO Title,SEO description here
Hello World,This is content,hello-world,4/1/2022 10:30,Hello SEO Title,SEO description here
